Symbol,Best_Strategy,Best_HTF_Period,SUPERTREND_Return,SUPERTREND_Equity,KAMA_Return,KAMA_Equity,JMA_Return,JMA_Equity,TREND_FOLLOW_Return,TREND_FOLLOW_Equity,SMA_Return,SMA_Equity,EMA_Return,EMA_Equity,SUPERTREND_HTF50_Return,SUPERTREND_HTF50_Equity,SUPERTREND_HTF100_Return,SUPERTREND_HTF100_Equity,SUPERTREND_HTF150_Return,SUPERTREND_HTF150_Equity,SUPERTREND_HTF200_Return,SUPERTREND_HTF200_Equity,SUPERTREND_HTF250_Return,SUPERTREND_HTF250_Equity,KAMA_HTF50_Return,KAMA_HTF50_Equity,KAMA_HTF100_Return,KAMA_HTF100_Equity,KAMA_HTF150_Return,KAMA_HTF150_Equity,KAMA_HTF200_Return,KAMA_HTF200_Equity,KAMA_HTF250_Return,KAMA_HTF250_Equity,JMA_HTF50_Return,JMA_HTF50_Equity,JMA_HTF100_Return,JMA_HTF100_Equity,JMA_HTF150_Return,JMA_HTF150_Equity,JMA_HTF200_Return,JMA_HTF200_Equity,JMA_HTF250_Return,JMA_HTF250_Equity,TREND_FOLLOW_HTF50_Return,TREND_FOLLOW_HTF50_Equity,TREND_FOLLOW_HTF100_Return,TREND_FOLLOW_HTF100_Equity,TREND_FOLLOW_HTF150_Return,TREND_FOLLOW_HTF150_Equity,TREND_FOLLOW_HTF200_Return,TREND_FOLLOW_HTF200_Equity,TREND_FOLLOW_HTF250_Return,TREND_FOLLOW_HTF250_Equity,SMA_HTF50_Return,SMA_HTF50_Equity,SMA_HTF100_Return,SMA_HTF100_Equity,SMA_HTF150_Return,SMA_HTF150_Equity,SMA_HTF200_Return,SMA_HTF200_Equity,SMA_HTF250_Return,SMA_HTF250_Equity,EMA_HTF50_Return,EMA_HTF50_Equity,EMA_HTF100_Return,EMA_HTF100_Equity,EMA_HTF150_Return,EMA_HTF150_Equity,EMA_HTF200_Return,EMA_HTF200_Equity,EMA_HTF250_Return,EMA_HTF250_Equity
IWM,EMA,0,16.834300000000013,11683.43,22.5355,12253.55,0.0,10000,0.0,10000,18.324000000000005,11832.4,32.3062,13230.619999999999,13.223800000000029,11322.380000000003,16.834300000000013,11683.43,16.834300000000013,11683.43,16.834300000000013,11683.43,16.834300000000013,11683.43,16.26270000000001,11626.27,22.5355,12253.55,22.5355,12253.55,22.5355,12253.55,22.5355,12253.55,0.0,10000,0.0,10000,0.0,10000,0.0,10000,0.0,10000,0.0,10000,0.0,10000,0.0,10000,0.0,10000,0.0,10000,18.324000000000005,11832.4,18.324000000000005,11832.4,18.324000000000005,11832.4,18.324000000000005,11832.4,18.324000000000005,11832.4,32.3062,13230.619999999999,32.3062,13230.619999999999,32.3062,13230.619999999999,32.3062,13230.619999999999,32.3062,13230.619999999999
UBER,EMA,0,-4.503199999999996,9549.68,-1.7288000000000303,9827.119999999997,0.0,10000,0.0,10000,14.580199999999977,11458.019999999999,16.343700000000005,11634.37,0.48320000000001695,10048.320000000002,5.6892000000000165,10568.920000000002,-3.918199999999983,9608.180000000002,-1.8939999999999957,9810.6,-4.503199999999996,9549.68,5.9943999999999775,10599.439999999997,13.887599999999956,11388.759999999997,-0.4619000000000262,9953.809999999998,0.9715999999999836,10097.159999999998,-1.7288000000000303,9827.119999999997,0.0,10000,0.0,10000,0.0,10000,0.0,10000,0.0,10000,0.0,10000,0.0,10000,0.0,10000,0.0,10000,0.0,10000,14.580199999999977,11458.019999999999,14.580199999999977,11458.019999999999,14.580199999999977,11458.019999999999,14.580199999999977,11458.019999999999,14.580199999999977,11458.019999999999,16.343700000000005,11634.37,16.343700000000005,11634.37,16.343700000000005,11634.37,16.343700000000005,11634.37,16.343700000000005,11634.37
JNJ,EMA,0,9.32809999999995,10932.809999999996,12.130300000000016,11213.03,0.0,10000,0.0,10000,36.11030000000002,13611.03,36.32360000000001,13632.36,15.805199999999985,11580.519999999999,8.17609999999993,10817.609999999993,9.32809999999995,10932.809999999996,9.32809999999995,10932.809999999996,9.32809999999995,10932.809999999996,12.008700000000005,11200.87,11.097899999999994,11109.789999999999,12.130300000000016,11213.03,12.130300000000016,11213.03,12.130300000000016,11213.03,0.0,10000,0.0,10000,0.0,10000,0.0,10000,0.0,10000,0.0,10000,0.0,10000,0.0,10000,0.0,10000,0.0,10000,36.11030000000002,13611.03,34.45269999999998,13445.269999999999,36.11030000000002,13611.03,36.11030000000002,13611.03,36.11030000000002,13611.03,36.32360000000001,13632.36,34.665999999999976,13466.599999999999,36.32360000000001,13632.36,36.32360000000001,13632.36,36.32360000000001,13632.36
NIO,EMA,0,6.5901999999999905,10659.019999999999,21.26009999999998,12126.009999999998,0.0,10000,0.0,10000,22.11230000000004,12211.230000000003,43.12859999999996,14312.859999999997,-3.705899999999984,9629.410000000002,-1.2310000000000043,9876.9,3.4901999999999767,10349.019999999999,6.5901999999999905,10659.019999999999,6.5901999999999905,10659.019999999999,17.333099999999966,11733.309999999998,26.131300000000014,12613.130000000001,21.026999999999994,12102.699999999999,21.026999999999994,12102.699999999999,21.26009999999998,12126.009999999998,0.0,10000,0.0,10000,0.0,10000,0.0,10000,0.0,10000,0.0,10000,0.0,10000,0.0,10000,0.0,10000,0.0,10000,26.281,12628.1,22.11230000000004,12211.230000000003,22.11230000000004,12211.230000000003,22.11230000000004,12211.230000000003,22.11230000000004,12211.230000000003,43.12859999999996,14312.859999999997,43.12859999999996,14312.859999999997,43.12859999999996,14312.859999999997,43.12859999999996,14312.859999999997,43.12859999999996,14312.859999999997
MU,EMA,0,214.5566,31455.66,264.38,36438.0,0.0,10000,0.0,10000,234.26880000000003,33426.880000000005,273.90319999999997,37390.32,195.1371,29513.71,214.5566,31455.66,214.5566,31455.66,214.5566,31455.66,214.5566,31455.66,241.9026000000001,34190.26000000001,264.38,36438.0,264.38,36438.0,264.38,36438.0,264.38,36438.0,0.0,10000,0.0,10000,0.0,10000,0.0,10000,0.0,10000,0.0,10000,0.0,10000,0.0,10000,0.0,10000,0.0,10000,224.58070000000006,32458.070000000003,234.26880000000003,33426.880000000005,234.26880000000003,33426.880000000005,234.26880000000003,33426.880000000005,234.26880000000003,33426.880000000005,270.8526,37085.26,273.90319999999997,37390.32,273.90319999999997,37390.32,273.90319999999997,37390.32,273.90319999999997,37390.32
TGT,EMA,0,-2.292699999999981,9770.730000000001,2.029800000000015,10202.980000000001,0.0,10000,0.0,10000,3.848100000000021,10384.810000000001,12.485600000000009,11248.560000000001,6.216099999999991,10621.609999999999,-9.632999999999992,9036.7,-11.820599999999981,8817.940000000002,-8.802399999999977,9119.760000000002,-2.292699999999981,9770.730000000001,5.1728,10517.28,-12.93519999999997,8706.480000000003,-9.142599999999979,9085.740000000002,-3.154199999999996,9684.58,2.029800000000015,10202.980000000001,0.0,10000,0.0,10000,0.0,10000,0.0,10000,0.0,10000,0.0,10000,0.0,10000,0.0,10000,0.0,10000,0.0,10000,3.848100000000021,10384.810000000001,11.429200000000028,11142.920000000002,11.429200000000028,11142.920000000002,3.848100000000021,10384.810000000001,3.848100000000021,10384.810000000001,12.485600000000009,11248.560000000001,-0.16320000000001889,9983.679999999998,2.9857000000000244,10298.570000000002,6.860600000000017,10686.060000000001,12.485600000000009,11248.560000000001
DRH,EMA,0,10.376299999999961,11037.629999999996,7.241999999999993,10724.199999999999,0.0,10000,0.0,10000,-2.4807000000000134,9751.929999999998,14.495199999999976,11449.519999999997,5.123600000000006,10512.36,11.511399999999995,11151.14,10.376299999999961,11037.629999999996,10.376299999999961,11037.629999999996,10.376299999999961,11037.629999999996,-0.9926000000000212,9900.739999999998,4.556300000000002,10455.630000000001,7.241999999999993,10724.199999999999,7.241999999999993,10724.199999999999,7.241999999999993,10724.199999999999,0.0,10000,0.0,10000,0.0,10000,0.0,10000,0.0,10000,0.0,10000,0.0,10000,0.0,10000,0.0,10000,0.0,10000,-2.4807000000000134,9751.929999999998,-2.4807000000000134,9751.929999999998,-2.4807000000000134,9751.929999999998,-2.4807000000000134,9751.929999999998,-2.4807000000000134,9751.929999999998,13.287599999999976,11328.759999999998,14.495199999999976,11449.519999999997,14.495199999999976,11449.519999999997,14.495199999999976,11449.519999999997,14.495199999999976,11449.519999999997
AFRM,EMA,0,-5.673800000000007,9432.619999999999,30.9779,13097.79,0.0,10000,0.0,10000,34.057500000000005,13405.75,43.2639,14326.39,-21.136600000000005,7886.339999999999,-9.349000000000018,9065.099999999999,-5.673800000000007,9432.619999999999,-5.673800000000007,9432.619999999999,-5.673800000000007,9432.619999999999,8.398999999999957,10839.899999999996,27.400400000000012,12740.04,27.390400000000014,12739.04,30.9779,13097.79,30.9779,13097.79,0.0,10000,0.0,10000,0.0,10000,0.0,10000,0.0,10000,0.0,10000,0.0,10000,0.0,10000,0.0,10000,0.0,10000,42.74549999999997,14274.549999999997,30.398000000000014,13039.800000000001,30.388000000000016,13038.800000000001,34.057500000000005,13405.75,34.057500000000005,13405.75,32.08639999999998,13208.639999999998,39.358399999999996,13935.84,39.3484,13934.84,43.2639,14326.39,43.2639,14326.39
XLF,EMA_HTF50,50,2.5691999999999826,10256.919999999998,0.09979999999996103,10009.979999999996,0.0,10000,0.0,10000,2.201199999999992,10220.119999999999,4.623400000000011,10462.340000000002,-0.5537000000000125,9944.63,2.5691999999999826,10256.919999999998,2.5691999999999826,10256.919999999998,2.5691999999999826,10256.919999999998,2.5691999999999826,10256.919999999998,-3.1924000000000397,9680.759999999997,0.09979999999996103,10009.979999999996,0.09979999999996103,10009.979999999996,0.09979999999996103,10009.979999999996,0.09979999999996103,10009.979999999996,0.0,10000,0.0,10000,0.0,10000,0.0,10000,0.0,10000,0.0,10000,0.0,10000,0.0,10000,0.0,10000,0.0,10000,2.201199999999992,10220.119999999999,2.201199999999992,10220.119999999999,2.201199999999992,10220.119999999999,2.201199999999992,10220.119999999999,2.201199999999992,10220.119999999999,5.698400000000015,10569.840000000002,4.623400000000011,10462.340000000002,4.623400000000011,10462.340000000002,4.623400000000011,10462.340000000002,4.623400000000011,10462.340000000002
UNH,JMA,0,-10.7618,8923.82,-30.4898,6951.0199999999995,0.0,10000,0.0,10000,-27.935900000000014,7206.409999999999,-23.750300000000003,7624.97,-19.571800000000007,8042.82,-26.913200000000003,7308.679999999999,-11.472300000000013,8852.769999999999,-13.029800000000014,8697.019999999999,-10.7618,8923.82,-16.191599999999994,8380.84,-24.917600000000007,7508.239999999999,-34.02800000000001,6597.199999999999,-30.722100000000008,6927.789999999999,-30.4898,6951.0199999999995,0.0,10000,0.0,10000,0.0,10000,0.0,10000,0.0,10000,0.0,10000,0.0,10000,0.0,10000,0.0,10000,0.0,10000,-22.477400000000014,7752.259999999998,-30.15580000000001,6984.419999999999,-41.245100000000015,5875.489999999999,-31.626300000000008,6837.369999999999,-27.935900000000014,7206.409999999999,-19.050900000000006,8094.91,-27.6536,7234.639999999999,-23.750300000000003,7624.97,-23.349300000000017,7665.069999999999,-23.750300000000003,7624.97
V,JMA,0,-6.7981999999999765,9320.180000000002,-13.447500000000002,8655.25,0.0,10000,0.0,10000,-10.16079999999998,8983.920000000002,-14.190200000000008,8580.98,-11.043099999999995,8895.69,-10.297299999999998,8970.27,-10.342899999999988,8965.710000000001,-9.770899999999983,9022.910000000002,-6.7981999999999765,9320.180000000002,-12.776200000000005,8722.38,-12.693299999999997,8730.67,-12.572499999999998,8742.75,-13.447500000000002,8655.25,-13.447500000000002,8655.25,0.0,10000,0.0,10000,0.0,10000,0.0,10000,0.0,10000,0.0,10000,0.0,10000,0.0,10000,0.0,10000,0.0,10000,-10.16079999999998,8983.920000000002,-7.161600000000002,9283.84,-10.72639999999998,8927.360000000002,-10.16079999999998,8983.920000000002,-10.16079999999998,8983.920000000002,-14.190200000000008,8580.98,-13.184600000000025,8681.539999999997,-14.190200000000008,8580.98,-14.190200000000008,8580.98,-14.190200000000008,8580.98
PFE,JMA,0,-14.759999999999994,8524.0,-12.703799999999987,8729.62,0.0,10000,0.0,10000,-11.206300000000024,8879.369999999997,-14.954200000000018,8504.579999999998,-8.959200000000022,9104.079999999998,-14.759999999999994,8524.0,-14.759999999999994,8524.0,-14.759999999999994,8524.0,-14.759999999999994,8524.0,-9.814999999999985,9018.500000000002,-12.703799999999987,8729.62,-12.703799999999987,8729.62,-12.703799999999987,8729.62,-12.703799999999987,8729.62,0.0,10000,0.0,10000,0.0,10000,0.0,10000,0.0,10000,0.0,10000,0.0,10000,0.0,10000,0.0,10000,0.0,10000,-11.206300000000024,8879.369999999997,-11.206300000000024,8879.369999999997,-11.206300000000024,8879.369999999997,-11.206300000000024,8879.369999999997,-11.206300000000024,8879.369999999997,-14.954200000000018,8504.579999999998,-14.954200000000018,8504.579999999998,-14.954200000000018,8504.579999999998,-14.954200000000018,8504.579999999998,-14.954200000000018,8504.579999999998
PYPL,JMA,0,-7.652799999999993,9234.720000000001,-14.180099999999962,8581.990000000003,0.0,10000,0.0,10000,-16.503600000000006,8349.64,-9.773600000000005,9022.64,-11.060999999999964,8893.900000000003,-7.652799999999993,9234.720000000001,-7.652799999999993,9234.720000000001,-7.652799999999993,9234.720000000001,-7.652799999999993,9234.720000000001,-16.13190000000001,8386.81,-13.387899999999986,8661.210000000001,-19.10980000000001,8089.0199999999995,-14.180099999999962,8581.990000000003,-14.180099999999962,8581.990000000003,0.0,10000,0.0,10000,0.0,10000,0.0,10000,0.0,10000,0.0,10000,0.0,10000,0.0,10000,0.0,10000,0.0,10000,-20.957000000000004,7904.299999999999,-25.097199999999997,7490.280000000001,-21.240400000000005,7875.959999999999,-16.503600000000006,8349.64,-16.503600000000006,8349.64,-11.555300000000003,8844.47,-13.020599999999993,8697.94,-11.555300000000003,8844.47,-9.773600000000005,9022.64,-9.773600000000005,9022.64
CRM,JMA,0,-1.4574000000000198,9854.259999999998,-17.500100000000007,8249.99,0.0,10000,0.0,10000,-29.289700000000007,7071.029999999999,-18.48099999999999,8151.900000000001,-8.409300000000009,9159.07,-1.2940000000000174,9870.599999999999,-9.399900000000017,9060.009999999998,-6.3002000000000224,9369.979999999998,-1.4574000000000198,9854.259999999998,-18.857700000000012,8114.229999999999,-11.281500000000012,8871.849999999999,-22.66790000000003,7733.209999999997,-21.56730000000001,7843.269999999999,-17.500100000000007,8249.99,0.0,10000,0.0,10000,0.0,10000,0.0,10000,0.0,10000,0.0,10000,0.0,10000,0.0,10000,0.0,10000,0.0,10000,-27.45120000000002,7254.879999999998,-27.45120000000002,7254.879999999998,-29.278400000000016,7072.159999999998,-27.45120000000002,7254.879999999998,-27.740700000000018,7225.9299999999985,-18.48099999999999,8151.900000000001,-15.923300000000019,8407.669999999998,-21.151600000000002,7884.84,-18.48099999999999,8151.900000000001,-18.48099999999999,8151.900000000001
VOO,KAMA,0,13.361200000000007,11336.12,23.678000000000022,12367.800000000001,0.0,10000,0.0,10000,17.352800000000013,11735.28,18.25190000000001,11825.19,9.000800000000009,10900.080000000002,13.361200000000007,11336.12,13.361200000000007,11336.12,13.361200000000007,11336.12,13.361200000000007,11336.12,18.44669999999997,11844.669999999996,23.678000000000022,12367.800000000001,23.678000000000022,12367.800000000001,23.678000000000022,12367.800000000001,23.678000000000022,12367.800000000001,0.0,10000,0.0,10000,0.0,10000,0.0,10000,0.0,10000,0.0,10000,0.0,10000,0.0,10000,0.0,10000,0.0,10000,17.352800000000013,11735.28,17.352800000000013,11735.28,17.352800000000013,11735.28,17.352800000000013,11735.28,17.352800000000013,11735.28,18.25190000000001,11825.19,18.25190000000001,11825.19,18.25190000000001,11825.19,18.25190000000001,11825.19,18.25190000000001,11825.19
PLTR,KAMA,0,-0.5318000000000378,9946.819999999996,55.992599999999996,15599.26,0.0,10000,0.0,10000,22.071799999999996,12207.18,49.337199999999946,14933.719999999996,-3.6157000000000106,9638.429999999998,-0.5318000000000378,9946.819999999996,-0.5318000000000378,9946.819999999996,-0.5318000000000378,9946.819999999996,-0.5318000000000378,9946.819999999996,53.42500000000003,15342.500000000004,55.992599999999996,15599.26,55.992599999999996,15599.26,55.992599999999996,15599.26,55.992599999999996,15599.26,0.0,10000,0.0,10000,0.0,10000,0.0,10000,0.0,10000,0.0,10000,0.0,10000,0.0,10000,0.0,10000,0.0,10000,13.74430000000002,11374.430000000002,16.832500000000028,11683.250000000002,22.071799999999996,12207.18,22.071799999999996,12207.18,22.071799999999996,12207.18,41.694299999999984,14169.429999999998,44.10419999999997,14410.419999999996,49.337199999999946,14933.719999999996,49.337199999999946,14933.719999999996,49.337199999999946,14933.719999999996
SPY,KAMA,0,12.989899999999999,11298.99,23.030499999999975,12303.049999999997,0.0,10000,0.0,10000,17.77709999999999,11777.71,17.76899999999999,11776.9,8.652899999999985,10865.289999999999,12.989899999999999,11298.99,12.989899999999999,11298.99,12.989899999999999,11298.99,12.989899999999999,11298.99,17.868799999999972,11786.879999999997,23.030499999999975,12303.049999999997,23.030499999999975,12303.049999999997,23.030499999999975,12303.049999999997,23.030499999999975,12303.049999999997,0.0,10000,0.0,10000,0.0,10000,0.0,10000,0.0,10000,0.0,10000,0.0,10000,0.0,10000,0.0,10000,0.0,10000,17.77709999999999,11777.71,17.77709999999999,11777.71,17.77709999999999,11777.71,17.77709999999999,11777.71,17.77709999999999,11777.71,17.76899999999999,11776.9,17.76899999999999,11776.9,17.76899999999999,11776.9,17.76899999999999,11776.9,17.76899999999999,11776.9
QQQ,KAMA,0,16.398999999999987,11639.899999999998,26.90330000000001,12690.33,0.0,10000,0.0,10000,25.1274,12512.74,21.407300000000017,12140.730000000001,10.898399999999974,11089.839999999998,16.398999999999987,11639.899999999998,16.398999999999987,11639.899999999998,16.398999999999987,11639.899999999998,16.398999999999987,11639.899999999998,20.442100000000018,12044.210000000001,26.90330000000001,12690.33,26.90330000000001,12690.33,26.90330000000001,12690.33,26.90330000000001,12690.33,0.0,10000,0.0,10000,0.0,10000,0.0,10000,0.0,10000,0.0,10000,0.0,10000,0.0,10000,0.0,10000,0.0,10000,21.747800000000005,12174.78,25.1274,12512.74,25.1274,12512.74,25.1274,12512.74,25.1274,12512.74,21.407300000000017,12140.730000000001,21.407300000000017,12140.730000000001,21.407300000000017,12140.730000000001,21.407300000000017,12140.730000000001,21.407300000000017,12140.730000000001
MSFT,KAMA,0,25.347199999999994,12534.72,35.49200000000001,13549.2,0.0,10000,0.0,10000,7.009700000000008,10700.970000000001,21.960800000000024,12196.080000000002,34.80749999999999,13480.75,25.347199999999994,12534.72,25.347199999999994,12534.72,25.347199999999994,12534.72,25.347199999999994,12534.72,24.440800000000017,12444.080000000002,35.49200000000001,13549.2,35.49200000000001,13549.2,35.49200000000001,13549.2,35.49200000000001,13549.2,0.0,10000,0.0,10000,0.0,10000,0.0,10000,0.0,10000,0.0,10000,0.0,10000,0.0,10000,0.0,10000,0.0,10000,7.009700000000008,10700.970000000001,7.009700000000008,10700.970000000001,7.009700000000008,10700.970000000001,7.009700000000008,10700.970000000001,7.009700000000008,10700.970000000001,21.960800000000024,12196.080000000002,21.960800000000024,12196.080000000002,21.960800000000024,12196.080000000002,21.960800000000024,12196.080000000002,21.960800000000024,12196.080000000002
XLK,KAMA,0,27.53950000000003,12753.950000000003,44.09799999999995,14409.799999999996,0.0,10000,0.0,10000,20.571300000000004,12057.130000000001,24.137300000000007,12413.730000000001,20.23999999999999,12024.0,27.53950000000003,12753.950000000003,27.53950000000003,12753.950000000003,27.53950000000003,12753.950000000003,27.53950000000003,12753.950000000003,30.184999999999974,13018.499999999998,44.09799999999995,14409.799999999996,44.09799999999995,14409.799999999996,44.09799999999995,14409.799999999996,44.09799999999995,14409.799999999996,0.0,10000,0.0,10000,0.0,10000,0.0,10000,0.0,10000,0.0,10000,0.0,10000,0.0,10000,0.0,10000,0.0,10000,20.571300000000004,12057.130000000001,20.571300000000004,12057.130000000001,20.571300000000004,12057.130000000001,20.571300000000004,12057.130000000001,20.571300000000004,12057.130000000001,24.137300000000007,12413.730000000001,24.137300000000007,12413.730000000001,24.137300000000007,12413.730000000001,24.137300000000007,12413.730000000001,24.137300000000007,12413.730000000001
CRWD,KAMA,0,40.723399999999984,14072.339999999998,43.05759999999999,14305.759999999998,0.0,10000,0.0,10000,13.318600000000004,11331.86,35.51070000000001,13551.07,39.77839999999999,13977.839999999998,24.022100000000002,12402.21,40.723399999999984,14072.339999999998,40.723399999999984,14072.339999999998,40.723399999999984,14072.339999999998,39.38589999999997,13938.589999999998,27.104199999999977,12710.419999999998,43.05759999999999,14305.759999999998,43.05759999999999,14305.759999999998,43.05759999999999,14305.759999999998,0.0,10000,0.0,10000,0.0,10000,0.0,10000,0.0,10000,0.0,10000,0.0,10000,0.0,10000,0.0,10000,0.0,10000,13.318600000000004,11331.86,13.318600000000004,11331.86,13.318600000000004,11331.86,13.318600000000004,11331.86,13.318600000000004,11331.86,35.51070000000001,13551.07,20.531200000000016,12053.12,35.51070000000001,13551.07,35.51070000000001,13551.07,35.51070000000001,13551.07
AMD,KAMA,0,85.83500000000004,18583.500000000004,158.44650000000007,25844.650000000005,0.0,10000,0.0,10000,28.930500000000016,12893.050000000001,99.16030000000002,19916.030000000002,85.00670000000005,18500.670000000006,85.83500000000004,18583.500000000004,85.83500000000004,18583.500000000004,85.83500000000004,18583.500000000004,85.83500000000004,18583.500000000004,140.2867,24028.670000000002,158.44650000000007,25844.650000000005,158.44650000000007,25844.650000000005,158.44650000000007,25844.650000000005,158.44650000000007,25844.650000000005,0.0,10000,0.0,10000,0.0,10000,0.0,10000,0.0,10000,0.0,10000,0.0,10000,0.0,10000,0.0,10000,0.0,10000,28.930500000000016,12893.050000000001,28.930500000000016,12893.050000000001,28.930500000000016,12893.050000000001,28.930500000000016,12893.050000000001,28.930500000000016,12893.050000000001,99.16030000000002,19916.030000000002,99.16030000000002,19916.030000000002,99.16030000000002,19916.030000000002,99.16030000000002,19916.030000000002,99.16030000000002,19916.030000000002
NVDA,KAMA,0,20.783399999999965,12078.339999999997,50.248000000000005,15024.800000000001,0.0,10000,0.0,10000,22.72829999999999,12272.83,46.74600000000002,14674.600000000002,39.803999999999974,13980.399999999998,20.783399999999965,12078.339999999997,20.783399999999965,12078.339999999997,20.783399999999965,12078.339999999997,20.783399999999965,12078.339999999997,45.49360000000002,14549.360000000002,50.248000000000005,15024.800000000001,50.248000000000005,15024.800000000001,50.248000000000005,15024.800000000001,50.248000000000005,15024.800000000001,0.0,10000,0.0,10000,0.0,10000,0.0,10000,0.0,10000,0.0,10000,0.0,10000,0.0,10000,0.0,10000,0.0,10000,19.352199999999975,11935.219999999998,22.72829999999999,12272.83,22.72829999999999,12272.83,22.72829999999999,12272.83,22.72829999999999,12272.83,42.71700000000003,14271.700000000003,46.74600000000002,14674.600000000002,46.74600000000002,14674.600000000002,46.74600000000002,14674.600000000002,46.74600000000002,14674.600000000002
VTI,KAMA,0,12.963300000000078,11296.330000000007,24.81580000000003,12481.580000000004,0.0,10000,0.0,10000,17.921599999999984,11792.159999999998,17.852599999999974,11785.259999999998,8.748599999999996,10874.86,12.963300000000078,11296.330000000007,12.963300000000078,11296.330000000007,12.963300000000078,11296.330000000007,12.963300000000078,11296.330000000007,20.015200000000032,12001.520000000002,24.81580000000003,12481.580000000004,24.81580000000003,12481.580000000004,24.81580000000003,12481.580000000004,24.81580000000003,12481.580000000004,0.0,10000,0.0,10000,0.0,10000,0.0,10000,0.0,10000,0.0,10000,0.0,10000,0.0,10000,0.0,10000,0.0,10000,17.921599999999984,11792.159999999998,17.921599999999984,11792.159999999998,17.921599999999984,11792.159999999998,17.921599999999984,11792.159999999998,17.921599999999984,11792.159999999998,17.852599999999974,11785.259999999998,17.852599999999974,11785.259999999998,17.852599999999974,11785.259999999998,17.852599999999974,11785.259999999998,17.852599999999974,11785.259999999998
QBTS,KAMA,0,244.40859999999995,34440.85999999999,328.5362,42853.62,0.0,10000,0.0,10000,27.555900000000012,12755.590000000002,181.70640000000003,28170.640000000003,98.84560000000002,19884.56,220.3737999999999,32037.37999999999,244.40859999999995,34440.85999999999,244.40859999999995,34440.85999999999,244.40859999999995,34440.85999999999,129.95140000000004,22995.140000000003,298.6622000000001,39866.22000000001,328.5362,42853.62,328.5362,42853.62,328.5362,42853.62,0.0,10000,0.0,10000,0.0,10000,0.0,10000,0.0,10000,0.0,10000,0.0,10000,0.0,10000,0.0,10000,0.0,10000,40.94060000000006,14094.060000000005,24.2529,12425.289999999999,27.555900000000012,12755.590000000002,27.555900000000012,12755.590000000002,27.555900000000012,12755.590000000002,82.23129999999996,18223.129999999997,181.70640000000003,28170.640000000003,181.70640000000003,28170.640000000003,181.70640000000003,28170.640000000003,181.70640000000003,28170.640000000003
SHOP,KAMA,0,4.848599999999981,10484.859999999999,64.24980000000001,16424.98,0.0,10000,0.0,10000,30.286099999999983,13028.609999999999,46.843900000000005,14684.39,-13.215900000000003,8678.41,4.848599999999981,10484.859999999999,4.848599999999981,10484.859999999999,4.848599999999981,10484.859999999999,4.848599999999981,10484.859999999999,50.97969999999998,15097.97,64.24980000000001,16424.98,64.24980000000001,16424.98,64.24980000000001,16424.98,64.24980000000001,16424.98,0.0,10000,0.0,10000,0.0,10000,0.0,10000,0.0,10000,0.0,10000,0.0,10000,0.0,10000,0.0,10000,0.0,10000,30.286099999999983,13028.609999999999,30.286099999999983,13028.609999999999,30.286099999999983,13028.609999999999,30.286099999999983,13028.609999999999,30.286099999999983,13028.609999999999,46.843900000000005,14684.39,46.843900000000005,14684.39,46.843900000000005,14684.39,46.843900000000005,14684.39,46.843900000000005,14684.39
BABA,KAMA,0,21.37090000000006,12137.090000000006,35.32260000000002,13532.260000000002,0.0,10000,0.0,10000,25.134100000000004,12513.41,21.182000000000034,12118.200000000003,2.982200000000046,10298.220000000005,8.659900000000032,10865.990000000003,21.37090000000006,12137.090000000006,21.37090000000006,12137.090000000006,21.37090000000006,12137.090000000006,18.389900000000026,11838.990000000002,24.55390000000004,12455.390000000003,35.32260000000002,13532.260000000002,35.32260000000002,13532.260000000002,35.32260000000002,13532.260000000002,0.0,10000,0.0,10000,0.0,10000,0.0,10000,0.0,10000,0.0,10000,0.0,10000,0.0,10000,0.0,10000,0.0,10000,25.312099999999994,12531.21,21.742700000000003,12174.27,25.134100000000004,12513.41,25.134100000000004,12513.41,25.134100000000004,12513.41,20.331800000000012,12033.180000000002,19.070000000000007,11907.000000000002,21.182000000000034,12118.200000000003,21.182000000000034,12118.200000000003,21.182000000000034,12118.200000000003
INOD,KAMA,0,52.2009,15220.09,63.50714999999998,16350.714999999998,0.0,10000,0.0,10000,-13.647699999999984,8635.230000000001,14.75464999999998,11475.464999999998,15.220100000000002,11522.01,52.2009,15220.09,52.2009,15220.09,52.2009,15220.09,52.2009,15220.09,35.22559999999997,13522.559999999998,39.77885000000001,13977.885,39.77885000000001,13977.885,63.50714999999998,16350.714999999998,63.50714999999998,16350.714999999998,0.0,10000,0.0,10000,0.0,10000,0.0,10000,0.0,10000,0.0,10000,0.0,10000,0.0,10000,0.0,10000,0.0,10000,13.979099999999999,11397.91,-13.637699999999986,8636.230000000001,-13.647699999999984,8635.230000000001,-13.647699999999984,8635.230000000001,-13.647699999999984,8635.230000000001,16.010899999999985,11601.089999999998,14.75464999999998,11475.464999999998,14.75464999999998,11475.464999999998,14.75464999999998,11475.464999999998,14.75464999999998,11475.464999999998
COIN,KAMA_HTF100,100,44.10930000000002,14410.930000000002,72.996,17299.6,0.0,10000,0.0,10000,30.457600000000017,13045.760000000002,16.325599999999984,11632.559999999998,43.39499999999998,14339.499999999998,53.28130000000002,15328.130000000001,53.28130000000002,15328.130000000001,53.28130000000002,15328.130000000001,44.10930000000002,14410.930000000002,81.37779999999995,18137.779999999995,100.2348,20023.48,100.2348,20023.48,100.2348,20023.48,72.996,17299.6,0.0,10000,0.0,10000,0.0,10000,0.0,10000,0.0,10000,0.0,10000,0.0,10000,0.0,10000,0.0,10000,0.0,10000,31.810000000000006,13181.0,26.12749999999999,12612.75,30.457600000000017,13045.760000000002,30.457600000000017,13045.760000000002,30.457600000000017,13045.760000000002,22.90599999999998,12290.599999999999,16.325599999999984,11632.559999999998,16.325599999999984,11632.559999999998,16.325599999999984,11632.559999999998,16.325599999999984,11632.559999999998
PANW,KAMA_HTF150,150,-3.486300000000009,9651.369999999999,-1.3783000000000212,9862.169999999998,0.0,10000,0.0,10000,-12.952900000000012,8704.71,0.4723000000000033,10047.23,-2.193600000000029,9780.639999999998,-2.739199999999997,9726.08,0.5373999999999768,10053.739999999998,-3.486300000000009,9651.369999999999,-3.486300000000009,9651.369999999999,-6.3352000000000075,9366.48,5.914099999999989,10591.41,7.760199999999995,10776.019999999999,1.1896999999999824,10118.97,-1.3783000000000212,9862.169999999998,0.0,10000,0.0,10000,0.0,10000,0.0,10000,0.0,10000,0.0,10000,0.0,10000,0.0,10000,0.0,10000,0.0,10000,-12.37830000000002,8762.169999999998,-12.37830000000002,8762.169999999998,-12.37830000000002,8762.169999999998,-12.37830000000002,8762.169999999998,-12.952900000000012,8704.71,0.4723000000000033,10047.23,0.4723000000000033,10047.23,0.4723000000000033,10047.23,0.4723000000000033,10047.23,0.4723000000000033,10047.23
SNOW,KAMA_HTF50,50,0.25210000000002175,10025.210000000003,15.312899999999985,11531.289999999999,0.0,10000,0.0,10000,17.304600000000004,11730.460000000001,11.438400000000026,11143.840000000002,3.4150000000000347,10341.500000000004,12.087900000000019,11208.790000000003,0.25210000000002175,10025.210000000003,0.25210000000002175,10025.210000000003,0.25210000000002175,10025.210000000003,28.908500000000004,12890.85,28.908500000000004,12890.85,15.312899999999985,11531.289999999999,15.312899999999985,11531.289999999999,15.312899999999985,11531.289999999999,0.0,10000,0.0,10000,0.0,10000,0.0,10000,0.0,10000,0.0,10000,0.0,10000,0.0,10000,0.0,10000,0.0,10000,12.71850000000001,11271.85,20.543400000000013,12054.340000000002,17.304600000000004,11730.460000000001,17.304600000000004,11730.460000000001,17.304600000000004,11730.460000000001,11.438400000000026,11143.840000000002,11.438400000000026,11143.840000000002,11.438400000000026,11143.840000000002,11.438400000000026,11143.840000000002,11.438400000000026,11143.840000000002
MA,KAMA_HTF50,50,2.717399999999981,10271.739999999998,-0.07790000000003072,9992.209999999997,0.0,10000,0.0,10000,-5.223099999999981,9477.690000000002,-6.1553000000000075,9384.47,-2.2070000000000256,9779.299999999997,-1.0466000000000308,9895.339999999997,-1.0466000000000308,9895.339999999997,0.408599999999959,10040.859999999995,2.717399999999981,10271.739999999998,3.7035999999999847,10370.359999999999,1.2265999999999888,10122.659999999998,1.2265999999999888,10122.659999999998,2.7673999999999754,10276.739999999998,-0.07790000000003072,9992.209999999997,0.0,10000,0.0,10000,0.0,10000,0.0,10000,0.0,10000,0.0,10000,0.0,10000,0.0,10000,0.0,10000,0.0,10000,-5.223099999999981,9477.690000000002,-5.223099999999981,9477.690000000002,-5.223099999999981,9477.690000000002,-5.223099999999981,9477.690000000002,-5.223099999999981,9477.690000000002,-6.1553000000000075,9384.47,-6.1553000000000075,9384.47,-6.1553000000000075,9384.47,-6.1553000000000075,9384.47,-6.1553000000000075,9384.47
RIVN,KAMA_HTF50,50,26.784300000000005,12678.43,18.847599999999986,11884.759999999998,0.0,10000,0.0,10000,-1.2410000000000254,9875.899999999998,4.302300000000003,10430.23,23.01359999999999,12301.359999999999,21.68269999999999,12168.269999999999,26.784300000000005,12678.43,26.784300000000005,12678.43,26.784300000000005,12678.43,43.35090000000002,14335.090000000002,14.33289999999998,11433.289999999999,18.847599999999986,11884.759999999998,18.847599999999986,11884.759999999998,18.847599999999986,11884.759999999998,0.0,10000,0.0,10000,0.0,10000,0.0,10000,0.0,10000,0.0,10000,0.0,10000,0.0,10000,0.0,10000,0.0,10000,2.395999999999976,10239.599999999999,2.1292999999999562,10212.929999999997,-1.2410000000000254,9875.899999999998,-1.2410000000000254,9875.899999999998,-1.2410000000000254,9875.899999999998,16.034400000000005,11603.44,7.50369999999998,10750.369999999997,4.302300000000003,10430.23,4.302300000000003,10430.23,4.302300000000003,10430.23
MRNA,KAMA_HTF50,50,-4.549999999999976,9545.000000000002,18.14929999999999,11814.929999999998,0.0,10000,0.0,10000,26.906000000000006,12690.6,6.633900000000015,10663.390000000001,11.110700000000007,11111.07,-8.089500000000005,9191.05,-10.548999999999998,8945.1,-4.549999999999976,9545.000000000002,-4.549999999999976,9545.000000000002,37.61709999999998,13761.709999999997,11.968399999999967,11196.839999999997,19.49669999999999,11949.669999999998,18.14929999999999,11814.929999999998,18.14929999999999,11814.929999999998,0.0,10000,0.0,10000,0.0,10000,0.0,10000,0.0,10000,0.0,10000,0.0,10000,0.0,10000,0.0,10000,0.0,10000,4.136699999999993,10413.67,9.051699999999997,10905.17,19.947600000000023,11994.760000000002,20.757500000000007,12075.75,26.906000000000006,12690.6,6.633900000000015,10663.390000000001,-4.2875,9571.25,6.633900000000015,10663.390000000001,6.633900000000015,10663.390000000001,6.633900000000015,10663.390000000001
GOOGL,SMA,0,59.26229999999999,15926.23,79.28500000000001,17928.5,0.0,10000,0.0,10000,98.46200000000005,19846.200000000004,83.18150000000001,18318.15,52.401299999999985,15240.13,59.26229999999999,15926.23,59.26229999999999,15926.23,59.26229999999999,15926.23,59.26229999999999,15926.23,77.33049999999994,17733.049999999996,79.28500000000001,17928.5,79.28500000000001,17928.5,79.28500000000001,17928.5,79.28500000000001,17928.5,0.0,10000,0.0,10000,0.0,10000,0.0,10000,0.0,10000,0.0,10000,0.0,10000,0.0,10000,0.0,10000,0.0,10000,98.46200000000005,19846.200000000004,98.46200000000005,19846.200000000004,98.46200000000005,19846.200000000004,98.46200000000005,19846.200000000004,98.46200000000005,19846.200000000004,83.18150000000001,18318.15,83.18150000000001,18318.15,83.18150000000001,18318.15,83.18150000000001,18318.15,83.18150000000001,18318.15
JPM,SMA,0,8.618599999999986,10861.859999999999,19.672999999999984,11967.299999999997,0.0,10000,0.0,10000,23.701500000000042,12370.150000000003,20.099500000000003,12009.95,3.5643000000000313,10356.430000000002,8.618599999999986,10861.859999999999,8.618599999999986,10861.859999999999,8.618599999999986,10861.859999999999,8.618599999999986,10861.859999999999,15.168000000000003,11516.800000000001,19.672999999999984,11967.299999999997,19.672999999999984,11967.299999999997,19.672999999999984,11967.299999999997,19.672999999999984,11967.299999999997,0.0,10000,0.0,10000,0.0,10000,0.0,10000,0.0,10000,0.0,10000,0.0,10000,0.0,10000,0.0,10000,0.0,10000,21.997200000000028,12199.720000000003,23.701500000000042,12370.150000000003,23.701500000000042,12370.150000000003,23.701500000000042,12370.150000000003,23.701500000000042,12370.150000000003,20.099500000000003,12009.95,20.099500000000003,12009.95,20.099500000000003,12009.95,20.099500000000003,12009.95,20.099500000000003,12009.95
MRK,SMA,0,-10.921899999999985,8907.810000000001,-13.416800000000006,8658.32,0.0,10000,0.0,10000,23.34019999999999,12334.019999999999,17.2925,11729.25,-4.5742000000000065,9542.58,-10.921899999999985,8907.810000000001,-10.921899999999985,8907.810000000001,-10.921899999999985,8907.810000000001,-10.921899999999985,8907.810000000001,-5.153700000000006,9484.63,-14.717599999999987,8528.240000000002,-13.416800000000006,8658.32,-13.416800000000006,8658.32,-13.416800000000006,8658.32,0.0,10000,0.0,10000,0.0,10000,0.0,10000,0.0,10000,0.0,10000,0.0,10000,0.0,10000,0.0,10000,0.0,10000,22.788300000000028,12278.830000000002,16.070000000000007,11607.0,23.34019999999999,12334.019999999999,23.34019999999999,12334.019999999999,23.34019999999999,12334.019999999999,17.2925,11729.25,14.726399999999984,11472.639999999998,17.2925,11729.25,17.2925,11729.25,17.2925,11729.25
UPST,SMA,0,-5.485799999999996,9451.42,-1.0769999999999946,9892.300000000001,0.0,10000,0.0,10000,38.35540000000002,13835.54,18.185300000000048,11818.530000000004,-26.401000000000018,7359.899999999998,1.1470000000000091,10114.7,1.1470000000000091,10114.7,1.1470000000000091,10114.7,-5.485799999999996,9451.42,-9.00650000000005,9099.349999999995,5.36620000000001,10536.62,5.36620000000001,10536.62,5.36620000000001,10536.62,-1.0769999999999946,9892.300000000001,0.0,10000,0.0,10000,0.0,10000,0.0,10000,0.0,10000,0.0,10000,0.0,10000,0.0,10000,0.0,10000,0.0,10000,27.577099999999998,12757.71,34.5302,13453.02,34.5302,13453.02,34.5302,13453.02,38.35540000000002,13835.54,18.185300000000048,11818.530000000004,13.278900000000027,11327.890000000003,13.278900000000027,11327.890000000003,13.278900000000027,11327.890000000003,18.185300000000048,11818.530000000004
NKE,SMA,0,-26.553499999999985,7344.6500000000015,-13.468400000000036,8653.159999999996,0.0,10000,0.0,10000,15.28900000000002,11528.900000000001,-4.829999999999979,9517.000000000002,-19.495099999999987,8050.490000000002,-9.721999999999987,9027.800000000001,-9.721999999999987,9027.800000000001,-21.751899999999992,7824.810000000001,-26.553499999999985,7344.6500000000015,-25.500900000000016,7449.909999999998,-5.789200000000038,9421.079999999996,-5.789200000000038,9421.079999999996,-18.360900000000026,8163.909999999998,-13.468400000000036,8653.159999999996,0.0,10000,0.0,10000,0.0,10000,0.0,10000,0.0,10000,0.0,10000,0.0,10000,0.0,10000,0.0,10000,0.0,10000,15.28900000000002,11528.900000000001,15.28900000000002,11528.900000000001,15.28900000000002,11528.900000000001,15.28900000000002,11528.900000000001,15.28900000000002,11528.900000000001,-5.906199999999995,9409.380000000001,-2.1568000000000254,9784.319999999998,12.70579999999999,11270.58,-2.3039999999999727,9769.600000000002,-4.829999999999979,9517.000000000002
SOFI,SMA,0,16.995000000000115,11699.500000000011,83.32139999999997,18332.139999999996,0.0,10000,0.0,10000,103.38699999999999,20338.699999999997,79.63489999999996,17963.489999999994,6.626400000000032,10662.640000000003,16.995000000000115,11699.500000000011,16.995000000000115,11699.500000000011,16.995000000000115,11699.500000000011,16.995000000000115,11699.500000000011,60.02169999999995,16002.169999999995,83.32139999999997,18332.139999999996,83.32139999999997,18332.139999999996,83.32139999999997,18332.139999999996,83.32139999999997,18332.139999999996,0.0,10000,0.0,10000,0.0,10000,0.0,10000,0.0,10000,0.0,10000,0.0,10000,0.0,10000,0.0,10000,0.0,10000,92.30529999999995,19230.529999999995,103.38699999999999,20338.699999999997,103.38699999999999,20338.699999999997,103.38699999999999,20338.699999999997,103.38699999999999,20338.699999999997,83.37979999999996,18337.979999999996,79.63489999999996,17963.489999999994,79.63489999999996,17963.489999999994,79.63489999999996,17963.489999999994,79.63489999999996,17963.489999999994
AAPL,SMA,0,11.564300000000017,11156.430000000002,5.931500000000023,10593.150000000001,0.0,10000,0.0,10000,19.883199999999988,11988.319999999998,18.19500000000003,11819.500000000002,7.056300000000015,10705.630000000001,7.919500000000035,10791.950000000003,11.564300000000017,11156.430000000002,11.564300000000017,11156.430000000002,11.564300000000017,11156.430000000002,9.112900000000002,10911.29,2.4998000000000076,10249.980000000001,5.931500000000023,10593.150000000001,5.931500000000023,10593.150000000001,5.931500000000023,10593.150000000001,0.0,10000,0.0,10000,0.0,10000,0.0,10000,0.0,10000,0.0,10000,0.0,10000,0.0,10000,0.0,10000,0.0,10000,19.883199999999988,11988.319999999998,19.883199999999988,11988.319999999998,19.883199999999988,11988.319999999998,19.883199999999988,11988.319999999998,19.883199999999988,11988.319999999998,18.19500000000003,11819.500000000002,15.625099999999993,11562.51,18.19500000000003,11819.500000000002,18.19500000000003,11819.500000000002,18.19500000000003,11819.500000000002
TSLA,SMA,0,-15.583899999999973,8441.610000000002,-11.761499999999991,8823.85,0.0,10000,0.0,10000,22.798299999999983,12279.829999999998,12.214800000000036,11221.480000000003,-15.583899999999973,8441.610000000002,-15.583899999999973,8441.610000000002,-15.583899999999973,8441.610000000002,-15.583899999999973,8441.610000000002,-15.583899999999973,8441.610000000002,-11.761499999999991,8823.85,-11.761499999999991,8823.85,-11.761499999999991,8823.85,-11.761499999999991,8823.85,-11.761499999999991,8823.85,0.0,10000,0.0,10000,0.0,10000,0.0,10000,0.0,10000,0.0,10000,0.0,10000,0.0,10000,0.0,10000,0.0,10000,18.312499999999975,11831.249999999998,22.798299999999983,12279.829999999998,22.798299999999983,12279.829999999998,22.798299999999983,12279.829999999998,22.798299999999983,12279.829999999998,7.886300000000013,10788.630000000001,12.214800000000036,11221.480000000003,12.214800000000036,11221.480000000003,12.214800000000036,11221.480000000003,12.214800000000036,11221.480000000003
DIA,SMA,0,14.299200000000024,11429.920000000002,13.91960000000001,11391.960000000001,0.0,10000,0.0,10000,14.976800000000011,11497.68,14.94660000000001,11494.660000000002,11.773699999999998,11177.37,14.299200000000024,11429.920000000002,14.299200000000024,11429.920000000002,14.299200000000024,11429.920000000002,14.299200000000024,11429.920000000002,12.132199999999994,11213.22,13.91960000000001,11391.960000000001,13.91960000000001,11391.960000000001,13.91960000000001,11391.960000000001,13.91960000000001,11391.960000000001,0.0,10000,0.0,10000,0.0,10000,0.0,10000,0.0,10000,0.0,10000,0.0,10000,0.0,10000,0.0,10000,0.0,10000,14.976800000000011,11497.68,14.976800000000011,11497.68,14.976800000000011,11497.68,14.976800000000011,11497.68,14.976800000000011,11497.68,14.267400000000041,11426.740000000003,14.94660000000001,11494.660000000002,14.94660000000001,11494.660000000002,14.94660000000001,11494.660000000002,14.94660000000001,11494.660000000002
LLY,SMA,0,13.726700000000003,11372.67,2.675300000000025,10267.530000000002,0.0,10000,0.0,10000,15.078499999999995,11507.85,6.902200000000014,10690.220000000001,2.006399999999986,10200.639999999998,4.195799999999972,10419.579999999996,5.07019999999998,10507.019999999999,13.726700000000003,11372.67,13.726700000000003,11372.67,-7.004699999999997,9299.53,-3.700699999999979,9629.930000000002,2.675300000000025,10267.530000000002,2.675300000000025,10267.530000000002,2.675300000000025,10267.530000000002,0.0,10000,0.0,10000,0.0,10000,0.0,10000,0.0,10000,0.0,10000,0.0,10000,0.0,10000,0.0,10000,0.0,10000,14.564800000000023,11456.480000000001,10.189000000000004,11018.9,4.883500000000018,10488.350000000002,15.078499999999995,11507.85,15.078499999999995,11507.85,8.291599999999999,10829.16,4.380200000000012,10438.020000000002,-3.4664999999999835,9653.350000000002,6.902200000000014,10690.220000000001,6.902200000000014,10690.220000000001
HOOD,SMA_HTF100,100,117.68360000000003,21768.360000000004,118.41119999999998,21841.12,0.0,10000,0.0,10000,120.9839,22098.39,93.6684,19366.84,91.24359999999993,19124.359999999993,117.68360000000003,21768.360000000004,117.68360000000003,21768.360000000004,117.68360000000003,21768.360000000004,117.68360000000003,21768.360000000004,91.88899999999998,19188.899999999998,125.38720000000004,22538.72,118.41119999999998,21841.12,118.41119999999998,21841.12,118.41119999999998,21841.12,0.0,10000,0.0,10000,0.0,10000,0.0,10000,0.0,10000,0.0,10000,0.0,10000,0.0,10000,0.0,10000,0.0,10000,130.29609999999997,23029.609999999997,141.30469999999997,24130.469999999998,120.9839,22098.39,120.9839,22098.39,120.9839,22098.39,85.06419999999994,18506.419999999995,93.6684,19366.84,93.6684,19366.84,93.6684,19366.84,93.6684,19366.84
AVGO,SMA_HTF50,50,49.55880000000003,14955.880000000005,69.13460000000006,16913.460000000006,0.0,10000,0.0,10000,68.48880000000001,16848.88,52.619399999999985,15261.939999999999,39.14220000000004,13914.220000000005,49.55880000000003,14955.880000000005,49.55880000000003,14955.880000000005,49.55880000000003,14955.880000000005,49.55880000000003,14955.880000000005,58.459200000000045,15845.920000000004,69.13460000000006,16913.460000000006,69.13460000000006,16913.460000000006,69.13460000000006,16913.460000000006,69.13460000000006,16913.460000000006,0.0,10000,0.0,10000,0.0,10000,0.0,10000,0.0,10000,0.0,10000,0.0,10000,0.0,10000,0.0,10000,0.0,10000,74.4176,17441.76,68.48880000000001,16848.88,68.48880000000001,16848.88,68.48880000000001,16848.88,68.48880000000001,16848.88,68.238,16823.8,52.619399999999985,15261.939999999999,52.619399999999985,15261.939999999999,52.619399999999985,15261.939999999999,52.619399999999985,15261.939999999999
ARM,SMA_HTF50,50,4.346199999999967,10434.619999999997,-5.148999999999959,9485.100000000004,0.0,10000,0.0,10000,4.171199999999997,10417.119999999999,0.18620000000002523,10018.620000000003,1.8609999999999793,10186.099999999999,4.346199999999967,10434.619999999997,4.346199999999967,10434.619999999997,4.346199999999967,10434.619999999997,4.346199999999967,10434.619999999997,2.0899000000000445,10208.990000000003,13.978000000000023,11397.800000000003,13.978000000000023,11397.800000000003,0.40600000000003966,10040.600000000004,-5.148999999999959,9485.100000000004,0.0,10000,0.0,10000,0.0,10000,0.0,10000,0.0,10000,0.0,10000,0.0,10000,0.0,10000,0.0,10000,0.0,10000,14.695999999999998,11469.6,0.7117999999999958,10071.18,6.928999999999985,10692.899999999998,6.928999999999985,10692.899999999998,4.171199999999997,10417.119999999999,4.9231000000000025,10492.310000000001,0.18620000000002523,10018.620000000003,0.18620000000002523,10018.620000000003,0.18620000000002523,10018.620000000003,0.18620000000002523,10018.620000000003
PDYN,SUPERTREND,0,78.30590000000004,17830.590000000004,20.702200000000026,12070.220000000003,0.0,10000,0.0,10000,-26.884699999999995,7311.530000000001,8.748800000000024,10874.880000000003,55.3666,15536.66,26.828399999999995,12682.84,45.49909999999999,14549.91,45.49909999999999,14549.91,78.30590000000004,17830.590000000004,36.52490000000002,13652.490000000002,-12.82489999999996,8717.510000000004,15.817400000000026,11581.740000000003,15.817400000000026,11581.740000000003,20.702200000000026,12070.220000000003,0.0,10000,0.0,10000,0.0,10000,0.0,10000,0.0,10000,0.0,10000,0.0,10000,0.0,10000,0.0,10000,0.0,10000,-34.76000000000001,6523.999999999998,-33.50209999999998,6649.790000000002,-25.176699999999997,7482.330000000001,-25.176699999999997,7482.330000000001,-26.884699999999995,7311.530000000001,16.869100000000014,11686.910000000002,-14.386600000000016,8561.339999999998,2.4548000000000236,10245.480000000001,2.4548000000000236,10245.480000000001,8.748800000000024,10874.880000000003
DKNG,SUPERTREND,0,27.41259999999994,12741.259999999995,22.999999999999975,12299.999999999998,0.0,10000,0.0,10000,12.095100000000002,11209.51,-3.1710000000000016,9682.9,9.780000000000012,10978.0,21.642599999999955,12164.259999999997,21.642599999999955,12164.259999999997,21.642599999999955,12164.259999999997,27.41259999999994,12741.259999999995,15.1238,11512.38,17.442099999999993,11744.21,18.13659999999997,11813.659999999998,18.13659999999997,11813.659999999998,22.999999999999975,12299.999999999998,0.0,10000,0.0,10000,0.0,10000,0.0,10000,0.0,10000,0.0,10000,0.0,10000,0.0,10000,0.0,10000,0.0,10000,10.585199999999983,11058.519999999999,20.614000000000022,12061.400000000001,20.614000000000022,12061.400000000001,20.614000000000022,12061.400000000001,12.095100000000002,11209.51,-3.1710000000000016,9682.9,1.3511999999999968,10135.119999999999,1.3511999999999968,10135.119999999999,1.3511999999999968,10135.119999999999,-3.1710000000000016,9682.9
AMZN,SUPERTREND,0,16.994200000000028,11699.420000000002,6.181199999999998,10618.119999999999,0.0,10000,0.0,10000,0.37720000000001086,10037.720000000001,8.928400000000014,10892.840000000002,8.3372,10833.72,16.994200000000028,11699.420000000002,16.994200000000028,11699.420000000002,16.994200000000028,11699.420000000002,16.994200000000028,11699.420000000002,7.412099999999988,10741.21,8.389699999999989,10838.97,6.181199999999998,10618.119999999999,6.181199999999998,10618.119999999999,6.181199999999998,10618.119999999999,0.0,10000,0.0,10000,0.0,10000,0.0,10000,0.0,10000,0.0,10000,0.0,10000,0.0,10000,0.0,10000,0.0,10000,-5.068200000000001,9493.18,-5.068200000000001,9493.18,-1.2519999999999865,9874.800000000001,0.37720000000001086,10037.720000000001,0.37720000000001086,10037.720000000001,11.62460000000003,11162.460000000003,11.62460000000003,11162.460000000003,8.928400000000014,10892.840000000002,8.928400000000014,10892.840000000002,8.928400000000014,10892.840000000002
META,SUPERTREND_HTF100,100,13.346999999999976,11334.699999999997,0.7295000000000051,10072.95,0.0,10000,0.0,10000,6.2455999999999845,10624.559999999998,5.533600000000005,10553.36,-4.98240000000002,9501.759999999998,14.239099999999972,11423.909999999996,14.239099999999972,11423.909999999996,7.446299999999972,10744.629999999997,13.346999999999976,11334.699999999997,-7.796200000000009,9220.38,1.6464999999999952,10164.65,1.6464999999999952,10164.65,-3.090999999999988,9690.900000000001,0.7295000000000051,10072.95,0.0,10000,0.0,10000,0.0,10000,0.0,10000,0.0,10000,0.0,10000,0.0,10000,0.0,10000,0.0,10000,0.0,10000,6.2455999999999845,10624.559999999998,11.277999999999988,11127.8,11.277999999999988,11127.8,11.277999999999988,11127.8,6.2455999999999845,10624.559999999998,4.365599999999992,10436.56,7.9823999999999895,10798.24,7.9823999999999895,10798.24,7.9823999999999895,10798.24,5.533600000000005,10553.36
MSTR,SUPERTREND_HTF100,100,5.0387999999999655,10503.879999999997,-1.0277999999999898,9897.220000000001,0.0,10000,0.0,10000,0.4621999999999904,10046.22,9.803399999999996,10980.34,0.4265999999999881,10042.66,9.833599999999997,10983.36,0.4265999999999881,10042.66,6.610399999999994,10661.039999999999,5.0387999999999655,10503.879999999997,7.527400000000006,10752.740000000002,7.527400000000006,10752.740000000002,7.527400000000006,10752.740000000002,4.14420000000002,10414.420000000002,-1.0277999999999898,9897.220000000001,0.0,10000,0.0,10000,0.0,10000,0.0,10000,0.0,10000,0.0,10000,0.0,10000,0.0,10000,0.0,10000,0.0,10000,-1.126399999999994,9887.36,0.4621999999999904,10046.22,0.4621999999999904,10046.22,0.4621999999999904,10046.22,0.4621999999999904,10046.22,7.715400000000017,10771.54,9.803399999999996,10980.34,9.803399999999996,10980.34,9.803399999999996,10980.34,9.803399999999996,10980.34
NOW,SUPERTREND_HTF100,100,-0.09359999999998259,9990.640000000001,-15.100200000000063,8489.979999999994,0.0,10000,0.0,10000,-4.193500000000006,9580.65,-8.251799999999987,9174.820000000002,-4.024299999999981,9597.570000000002,13.864399999999977,11386.439999999999,10.334399999999988,11033.439999999999,11.587400000000002,11158.74,-0.09359999999998259,9990.640000000001,-10.52080000000003,8947.919999999996,-8.344300000000015,9165.569999999998,-10.52080000000003,8947.919999999996,-5.460700000000052,9453.929999999995,-15.100200000000063,8489.979999999994,0.0,10000,0.0,10000,0.0,10000,0.0,10000,0.0,10000,0.0,10000,0.0,10000,0.0,10000,0.0,10000,0.0,10000,-4.193500000000006,9580.65,-4.023500000000002,9597.65,-4.193500000000006,9580.65,-4.193500000000006,9580.65,-4.193500000000006,9580.65,-8.69279999999999,9130.720000000001,-6.820800000000005,9317.92,-8.251799999999987,9174.820000000002,-8.251799999999987,9174.820000000002,-8.251799999999987,9174.820000000002
ORCL,SUPERTREND_HTF100,100,51.53970000000003,15153.970000000003,13.424199999999997,11342.42,0.0,10000,0.0,10000,15.279799999999998,11527.98,33.91010000000001,13391.010000000002,66.60240000000006,16660.240000000005,83.10240000000005,18310.240000000005,83.10240000000005,18310.240000000005,65.07970000000005,16507.970000000005,51.53970000000003,15153.970000000003,23.473100000000024,12347.310000000003,32.29249999999999,13229.25,32.29249999999999,13229.25,14.23620000000001,11423.62,13.424199999999997,11342.42,0.0,10000,0.0,10000,0.0,10000,0.0,10000,0.0,10000,0.0,10000,0.0,10000,0.0,10000,0.0,10000,0.0,10000,13.917499999999983,11391.749999999998,17.353699999999982,11735.369999999999,15.279799999999998,11527.98,15.279799999999998,11527.98,15.279799999999998,11527.98,33.91010000000001,13391.010000000002,33.91010000000001,13391.010000000002,33.91010000000001,13391.010000000002,33.91010000000001,13391.010000000002,33.91010000000001,13391.010000000002
SMCI,SUPERTREND_HTF100,100,61.831799999999994,16183.18,-17.335099999999983,8266.490000000002,0.0,10000,0.0,10000,-28.656100000000016,7134.3899999999985,-10.220799999999997,8977.92,30.84300000000002,13084.300000000001,61.84180000000001,16184.18,61.84180000000001,16184.18,61.84180000000001,16184.18,61.84180000000001,16184.18,6.201400000000024,10620.140000000003,-6.795099999999987,9320.490000000002,-6.795099999999987,9320.490000000002,-6.795099999999987,9320.490000000002,-17.335099999999983,8266.490000000002,0.0,10000,0.0,10000,0.0,10000,0.0,10000,0.0,10000,0.0,10000,0.0,10000,0.0,10000,0.0,10000,0.0,10000,-16.5126,8348.74,-21.460900000000006,7853.91,-20.8905,7910.95,-20.8905,7910.95,-28.656100000000016,7134.3899999999985,-8.871800000000007,9112.82,-10.883699999999985,8911.630000000001,-10.220799999999997,8977.92,-10.220799999999997,8977.92,-10.220799999999997,8977.92
ADBE,SUPERTREND_HTF150,150,-9.34870000000001,9065.13,-14.476499999999993,8552.35,0.0,10000,0.0,10000,-28.629900000000006,7137.009999999999,-14.289899999999978,8571.010000000002,-14.458899999999996,8554.11,0.20300000000001983,10020.300000000001,3.709999999999991,10371.0,-5.82950000000001,9417.05,-9.34870000000001,9065.13,-17.580099999999987,8241.990000000002,-1.975899999999986,9802.410000000002,-0.385000000000002,9961.5,-11.216499999999996,8878.35,-14.476499999999993,8552.35,0.0,10000,0.0,10000,0.0,10000,0.0,10000,0.0,10000,0.0,10000,0.0,10000,0.0,10000,0.0,10000,0.0,10000,-21.0376,7896.24,-21.0376,7896.24,-9.535100000000007,9046.49,-15.085100000000008,8491.49,-28.629900000000006,7137.009999999999,-16.742199999999997,8325.78,-4.961700000000002,9503.83,-1.7525000000000013,9824.75,-12.949899999999982,8705.010000000002,-14.289899999999978,8571.010000000002
NFLX,SUPERTREND_HTF150,150,8.185999999999982,10818.599999999999,3.6236999999999853,10362.369999999999,0.0,10000,0.0,10000,-3.849999999999998,9615.0,4.105800000000004,10410.58,16.53929999999999,11653.929999999998,16.925599999999985,11692.559999999998,18.487599999999983,11848.759999999998,8.185999999999982,10818.599999999999,8.185999999999982,10818.599999999999,6.100599999999967,10610.059999999998,9.53259999999998,10953.259999999998,14.642599999999995,11464.259999999998,3.6236999999999853,10362.369999999999,3.6236999999999853,10362.369999999999,0.0,10000,0.0,10000,0.0,10000,0.0,10000,0.0,10000,0.0,10000,0.0,10000,0.0,10000,0.0,10000,0.0,10000,-2.3639999999999994,9763.6,-3.849999999999998,9615.0,-3.849999999999998,9615.0,-3.849999999999998,9615.0,-3.849999999999998,9615.0,4.105800000000004,10410.58,4.105800000000004,10410.58,4.105800000000004,10410.58,4.105800000000004,10410.58,4.105800000000004,10410.58
LCID,SUPERTREND_HTF200,200,-13.859799999999979,8614.020000000002,-15.025500000000013,8497.449999999999,0.0,10000,0.0,10000,-58.2732,4172.68,-41.43949999999998,5856.050000000001,-35.77369999999998,6422.630000000003,-35.94829999999997,6405.170000000004,-16.439499999999974,8356.050000000003,3.2388000000000305,10323.880000000003,-13.859799999999979,8614.020000000002,-44.142,5585.8,-36.574000000000005,6342.599999999999,-18.35920000000002,8164.079999999998,-4.085799999999995,9591.42,-15.025500000000013,8497.449999999999,0.0,10000,0.0,10000,0.0,10000,0.0,10000,0.0,10000,0.0,10000,0.0,10000,0.0,10000,0.0,10000,0.0,10000,-58.1969,4180.31,-47.743099999999984,5225.690000000001,-50.0222,4997.78,-58.2732,4172.68,-58.2732,4172.68,-56.0824,4391.76,-54.32899999999998,4567.100000000002,-40.63409999999998,5936.590000000002,-41.43949999999998,5856.050000000001,-41.43949999999998,5856.050000000001
QUBT,SUPERTREND_HTF50,50,74.57094000000002,17457.094,74.93790999999995,17493.790999999994,0.0,10000,0.0,10000,61.09709999999995,16109.709999999995,105.07195999999999,20507.196,132.56362,23256.362,124.43895,22443.895,124.43895,22443.895,80.31055,18031.055,74.57094000000002,17457.094,124.76703999999997,22476.703999999998,124.34184999999994,22434.184999999994,124.34184999999994,22434.184999999994,80.24014999999993,18024.014999999992,74.93790999999995,17493.790999999994,0.0,10000,0.0,10000,0.0,10000,0.0,10000,0.0,10000,0.0,10000,0.0,10000,0.0,10000,0.0,10000,0.0,10000,68.38049999999991,16838.049999999992,88.00169999999994,18800.169999999995,61.09709999999995,16109.709999999995,61.09709999999995,16109.709999999995,61.09709999999995,16109.709999999995,105.07195999999999,20507.196,99.05250000000001,19905.25,99.05250000000001,19905.25,99.05250000000001,19905.25,99.05250000000001,19905.25
